repo,is_archived,is_fork,created_at,pushed_at,repo_age_days,days_since_last_commit,commit_count,bug_commits,total_issues,open_issues,closed_issues,bug_issues,open_bug_issues,closed_bug_issues,avg_bug_days_open,avg_issue_days_open,median_issue_days_open,pull_requests,open_prs,merged_prs,languages,topics,discussion_count,discussion_titles,has_CI,ci_files,has_tests,test_files,stars,forks,watchers,error
heyaranzheng/big-world,False,False,2025-11-12T13:01:44Z,2025-11-15T15:26:31Z,7,4,4,0,0,0,0,0,0,0,,,,0,0,0,Rust(1539),,0,,False,,False,,1,0,0,
jennillo/AstroComp-Journal,False,False,2025-03-28T13:22:06Z,2025-11-19T04:09:44Z,236,0,28,0,0,0,0,0,0,0,,,,0,0,0,C++(3795),,0,,False,,False,,0,0,1,
sonikabagchi/CMB,False,False,2021-06-18T13:29:56Z,2021-06-18T13:32:50Z,1615,1615,2,,0,0,0,,,,,,,0,0,0,Jupyter Notebook(2753855),,0,,False,,,,0,0,1,Failed to fetch tree
Sooryajithks/Masters-Thesis,False,False,2025-07-31T07:24:45Z,2025-07-31T07:38:02Z,111,111,2,,0,0,0,,,,,,,0,0,0,,,0,,False,,,,0,0,0,Failed to fetch tree
SoorajMP/AstrophysicsCalculator,False,False,2024-02-20T10:32:09Z,2024-02-20T17:56:01Z,638,638,4,,0,0,0,,,,,,,0,0,0,,,0,,False,,,,0,1,1,Failed to fetch tree
sophiamiskiewicz/Optimize-Grav-Pt-Lenses,False,False,2024-12-13T16:52:55Z,2024-12-14T03:13:02Z,341,340,5,,0,0,0,,,,,,,0,0,0,Python(8449),,0,,False,,,,0,0,1,Failed to fetch tree
SouvaitzisLazaros/Astrophysics-M.Sc-Course,False,False,2020-03-11T16:48:32Z,2020-03-11T17:21:28Z,2079,2079,2,,0,0,0,,,,,,,0,0,0,Jupyter Notebook(4985046),,0,,False,,,,1,0,1,Failed to fetch tree
spyphyz/curve_fit,,,,,,,,,,,,,,,,,,,,,,,,,,,,,,,,"[{'type': 'RATE_LIMIT', 'code': 'graphql_rate_limit', 'message': 'API rate limit already exceeded for user ID 94713257.'}]"
spyphyz/astrophysics,,,,,,,,,,,,,,,,,,,,,,,,,,,,,,,,"[{'type': 'RATE_LIMIT', 'code': 'graphql_rate_limit', 'message': 'API rate limit already exceeded for user ID 94713257.'}]"
space-doc/Astrophysics-Habitable-Zones,False,False,2024-11-27T01:15:12Z,2024-12-26T02:21:04Z,357,328,10,,0,0,0,,,,,,,0,0,0,Jupyter Notebook(51447),,0,,False,,,,0,0,1,Failed to fetch tree
SPAS-2000/Astrophysics-for-Amateurs,,,,,,,,,,,,,,,,,,,,,,,,,,,,,,,,"[{'type': 'RATE_LIMIT', 'code': 'graphql_rate_limit', 'message': 'API rate limit already exceeded for user ID 94713257.'}]"
spyphyz/sdss,,,,,,,,,,,,,,,,,,,,,,,,,,,,,,,,"[{'type': 'RATE_LIMIT', 'code': 'graphql_rate_limit', 'message': 'API rate limit already exceeded for user ID 94713257.'}]"
SriKarthi7227/AstroPhysics,,,,,,,,,,,,,,,,,,,,,,,,,,,,,,,,"[{'type': 'RATE_LIMIT', 'code': 'graphql_rate_limit', 'message': 'API rate limit already exceeded for user ID 94713257.'}]"
statisticalwork/Astrophysics-,,,,,,,,,,,,,,,,,,,,,,,,,,,,,,,,"[{'type': 'RATE_LIMIT', 'code': 'graphql_rate_limit', 'message': 'API rate limit already exceeded for user ID 94713257.'}]"
starquino/IntroRadio,,,,,,,,,,,,,,,,,,,,,,,,,,,,,,,,"[{'type': 'RATE_LIMIT', 'code': 'graphql_rate_limit', 'message': 'API rate limit already exceeded for user ID 94713257.'}]"
stephenslater/Astrophysics-Research-Paper,,,,,,,,,,,,,,,,,,,,,,,,,,,,,,,,"[{'type': 'RATE_LIMIT', 'code': 'graphql_rate_limit', 'message': 'API rate limit already exceeded for user ID 94713257.'}]"
stepnas/PhD-Astrophysics,,,,,,,,,,,,,,,,,,,,,,,,,,,,,,,,"[{'type': 'RATE_LIMIT', 'code': 'graphql_rate_limit', 'message': 'API rate limit already exceeded for user ID 94713257.'}]"
Starvexx/My_nasa_ads_query_wp_plugin,,,,,,,,,,,,,,,,,,,,,,,,,,,,,,,,"[{'type': 'RATE_LIMIT', 'code': 'graphql_rate_limit', 'message': 'API rate limit already exceeded for user ID 94713257.'}]"
steviecurran/astrophysics-lecture,,,,,,,,,,,,,,,,,,,,,,,,,,,,,,,,"[{'type': 'RATE_LIMIT', 'code': 'graphql_rate_limit', 'message': 'API rate limit already exceeded for user ID 94713257.'}]"
steviecurran/aitoff,,,,,,,,,,,,,,,,,,,,,,,,,,,,,,,,"[{'type': 'RATE_LIMIT', 'code': 'graphql_rate_limit', 'message': 'API rate limit already exceeded for user ID 94713257.'}]"
steviecurran/cosmology,,,,,,,,,,,,,,,,,,,,,,,,,,,,,,,,"[{'type': 'RATE_LIMIT', 'code': 'graphql_rate_limit', 'message': 'API rate limit already exceeded for user ID 94713257.'}]"
steviecurran/interstellar-dust,,,,,,,,,,,,,,,,,,,,,,,,,,,,,,,,"[{'type': 'RATE_LIMIT', 'code': 'graphql_rate_limit', 'message': 'API rate limit already exceeded for user ID 94713257.'}]"
steviecurran/molecular-column,,,,,,,,,,,,,,,,,,,,,,,,,,,,,,,,"[{'type': 'RATE_LIMIT', 'code': 'graphql_rate_limit', 'message': 'API rate limit already exceeded for user ID 94713257.'}]"
steviecurran/column-PHP,,,,,,,,,,,,,,,,,,,,,,,,,,,,,,,,"[{'type': 'RATE_LIMIT', 'code': 'graphql_rate_limit', 'message': 'API rate limit already exceeded for user ID 94713257.'}]"
steviecurran/publications,,,,,,,,,,,,,,,,,,,,,,,,,,,,,,,,"[{'type': 'RATE_LIMIT', 'code': 'graphql_rate_limit', 'message': 'API rate limit already exceeded for user ID 94713257.'}]"
steviecurran/star-spectrum,,,,,,,,,,,,,,,,,,,,,,,,,,,,,,,,"[{'type': 'RATE_LIMIT', 'code': 'graphql_rate_limit', 'message': 'API rate limit already exceeded for user ID 94713257.'}]"
study-astrophysics/study-astrophysics.github.io,,,,,,,,,,,,,,,,,,,,,,,,,,,,,,,,"[{'type': 'RATE_LIMIT', 'code': 'graphql_rate_limit', 'message': 'API rate limit already exceeded for user ID 94713257.'}]"
suafle/obs_astrophysics,,,,,,,,,,,,,,,,,,,,,,,,,,,,,,,,"[{'type': 'RATE_LIMIT', 'code': 'graphql_rate_limit', 'message': 'API rate limit already exceeded for user ID 94713257.'}]"
sudb92/Azure2ProcessorScripts,,,,,,,,,,,,,,,,,,,,,,,,,,,,,,,,"[{'type': 'RATE_LIMIT', 'code': 'graphql_rate_limit', 'message': 'API rate limit already exceeded for user ID 94713257.'}]"
sudarshan-s-harithas/Introduction-to-Gravitational-Waves-and-Detection-Principles,,,,,,,,,,,,,,,,,,,,,,,,,,,,,,,,"[{'type': 'RATE_LIMIT', 'code': 'graphql_rate_limit', 'message': 'API rate limit already exceeded for user ID 94713257.'}]"
SumitPathaniaPB35/AstroPhysics,,,,,,,,,,,,,,,,,,,,,,,,,,,,,,,,"[{'type': 'RATE_LIMIT', 'code': 'graphql_rate_limit', 'message': 'API rate limit already exceeded for user ID 94713257.'}]"
svargasro/final-project-computational-astrophysics-neural-networks,,,,,,,,,,,,,,,,,,,,,,,,,,,,,,,,"[{'type': 'RATE_LIMIT', 'code': 'graphql_rate_limit', 'message': 'API rate limit already exceeded for user ID 94713257.'}]"
sup3rconductor/ASTROPHYSICS,,,,,,,,,,,,,,,,,,,,,,,,,,,,,,,,"[{'type': 'RATE_LIMIT', 'code': 'graphql_rate_limit', 'message': 'API rate limit already exceeded for user ID 94713257.'}]"
SyedTufailHussain/Astrophysical-Data-Analysis-Simulation-Syed-Tufail-Hussain,,,,,,,,,,,,,,,,,,,,,,,,,,,,,,,,"[{'type': 'RATE_LIMIT', 'code': 'graphql_rate_limit', 'message': 'API rate limit already exceeded for user ID 94713257.'}]"
syafaqmuth/Undergraduate-Astrophysics-Thesis,,,,,,,,,,,,,,,,,,,,,,,,,,,,,,,,"[{'type': 'RATE_LIMIT', 'code': 'graphql_rate_limit', 'message': 'API rate limit already exceeded for user ID 94713257.'}]"
sy735462/Scalable-Cyberinfrastructure-to-support-Multi-Messenger-Astrophysics,,,,,,,,,,,,,,,,,,,,,,,,,,,,,,,,"[{'type': 'RATE_LIMIT', 'code': 'graphql_rate_limit', 'message': 'API rate limit already exceeded for user ID 94713257.'}]"
SyedTufailHussain/Star-Detection-Pipeline,,,,,,,,,,,,,,,,,,,,,,,,,,,,,,,,"[{'type': 'RATE_LIMIT', 'code': 'graphql_rate_limit', 'message': 'API rate limit already exceeded for user ID 94713257.'}]"
systemcreator1/OSAssistantLinuxAstrophysics,,,,,,,,,,,,,,,,,,,,,,,,,,,,,,,,"[{'type': 'RATE_LIMIT', 'code': 'graphql_rate_limit', 'message': 'API rate limit already exceeded for user ID 94713257.'}]"
Sylvance/orbital-mechanics,,,,,,,,,,,,,,,,,,,,,,,,,,,,,,,,"[{'type': 'RATE_LIMIT', 'code': 'graphql_rate_limit', 'message': 'API rate limit already exceeded for user ID 94713257.'}]"
tahsinamio/BDOAA-website,,,,,,,,,,,,,,,,,,,,,,,,,,,,,,,,"[{'type': 'RATE_LIMIT', 'code': 'graphql_rate_limit', 'message': 'API rate limit already exceeded for user ID 94713257.'}]"
syua09/Astrophysics-Code-Test-,,,,,,,,,,,,,,,,,,,,,,,,,,,,,,,,"[{'type': 'RATE_LIMIT', 'code': 'graphql_rate_limit', 'message': 'API rate limit already exceeded for user ID 94713257.'}]"
T3kan0/Differential-to-Apparent-Magnitude-Offset,,,,,,,,,,,,,,,,,,,,,,,,,,,,,,,,"[{'type': 'RATE_LIMIT', 'code': 'graphql_rate_limit', 'message': 'API rate limit already exceeded for user ID 94713257.'}]"
taro1256/Astrophysics,,,,,,,,,,,,,,,,,,,,,,,,,,,,,,,,"[{'type': 'RATE_LIMIT', 'code': 'graphql_rate_limit', 'message': 'API rate limit already exceeded for user ID 94713257.'}]"
tcaba2/EXOPLANETS_ML,,,,,,,,,,,,,,,,,,,,,,,,,,,,,,,,"[{'type': 'RATE_LIMIT', 'code': 'graphql_rate_limit', 'message': 'API rate limit already exceeded for user ID 94713257.'}]"
taraacampbell/quasar-classification,,,,,,,,,,,,,,,,,,,,,,,,,,,,,,,,"[{'type': 'RATE_LIMIT', 'code': 'graphql_rate_limit', 'message': 'API rate limit already exceeded for user ID 94713257.'}]"
tcaba2/Modern_Astrophysics_2023,,,,,,,,,,,,,,,,,,,,,,,,,,,,,,,,"[{'type': 'RATE_LIMIT', 'code': 'graphql_rate_limit', 'message': 'API rate limit already exceeded for user ID 94713257.'}]"
tcaba2/SkyPrism-UL,,,,,,,,,,,,,,,,,,,,,,,,,,,,,,,,"[{'type': 'RATE_LIMIT', 'code': 'graphql_rate_limit', 'message': 'API rate limit already exceeded for user ID 94713257.'}]"
tcjansen/GSoC,,,,,,,,,,,,,,,,,,,,,,,,,,,,,,,,"[{'type': 'RATE_LIMIT', 'code': 'graphql_rate_limit', 'message': 'API rate limit already exceeded for user ID 94713257.'}]"
tengjuilin/orbit-simulation,,,,,,,,,,,,,,,,,,,,,,,,,,,,,,,,"[{'type': 'RATE_LIMIT', 'code': 'graphql_rate_limit', 'message': 'API rate limit already exceeded for user ID 94713257.'}]"
tga54/Astrophysics,,,,,,,,,,,,,,,,,,,,,,,,,,,,,,,,"[{'type': 'RATE_LIMIT', 'code': 'graphql_rate_limit', 'message': 'API rate limit already exceeded for user ID 94713257.'}]"
The-Avi/computational-astrophysics-2021,,,,,,,,,,,,,,,,,,,,,,,,,,,,,,,,"[{'type': 'RATE_LIMIT', 'code': 'graphql_rate_limit', 'message': 'API rate limit already exceeded for user ID 94713257.'}]"
theamritsuman/Amrit,,,,,,,,,,,,,,,,,,,,,,,,,,,,,,,,"[{'type': 'RATE_LIMIT', 'code': 'graphql_rate_limit', 'message': 'API rate limit already exceeded for user ID 94713257.'}]"
thebooort/Astrohpysics-communication,,,,,,,,,,,,,,,,,,,,,,,,,,,,,,,,"[{'type': 'RATE_LIMIT', 'code': 'graphql_rate_limit', 'message': 'API rate limit already exceeded for user ID 94713257.'}]"
thecosmicadence/Plasma-Astrophysics,,,,,,,,,,,,,,,,,,,,,,,,,,,,,,,,"[{'type': 'RATE_LIMIT', 'code': 'graphql_rate_limit', 'message': 'API rate limit already exceeded for user ID 94713257.'}]"
thejaskiranr/Astrophysics-Calculations,,,,,,,,,,,,,,,,,,,,,,,,,,,,,,,,"[{'type': 'RATE_LIMIT', 'code': 'graphql_rate_limit', 'message': 'API rate limit already exceeded for user ID 94713257.'}]"
ThomasAFink/orbital-mechanics,,,,,,,,,,,,,,,,,,,,,,,,,,,,,,,,"[{'type': 'RATE_LIMIT', 'code': 'graphql_rate_limit', 'message': 'API rate limit already exceeded for user ID 94713257.'}]"
ThomasAlbin/Space-Tools,,,,,,,,,,,,,,,,,,,,,,,,,,,,,,,,"[{'type': 'RATE_LIMIT', 'code': 'graphql_rate_limit', 'message': 'API rate limit already exceeded for user ID 94713257.'}]"
TheKnightProtocol/Astrophysics,,,,,,,,,,,,,,,,,,,,,,,,,,,,,,,,"[{'type': 'RATE_LIMIT', 'code': 'graphql_rate_limit', 'message': 'API rate limit already exceeded for user ID 94713257.'}]"
ThomasGartman/ARA_DataAnalysis,,,,,,,,,,,,,,,,,,,,,,,,,,,,,,,,"[{'type': 'RATE_LIMIT', 'code': 'graphql_rate_limit', 'message': 'API rate limit already exceeded for user ID 94713257.'}]"
ThomasGesseyJones/DARA_21cm_Signal_Simulation,,,,,,,,,,,,,,,,,,,,,,,,,,,,,,,,"[{'type': 'RATE_LIMIT', 'code': 'graphql_rate_limit', 'message': 'API rate limit already exceeded for user ID 94713257.'}]"
timrobishaw/rhstk,,,,,,,,,,,,,,,,,,,,,,,,,,,,,,,,"[{'type': 'RATE_LIMIT', 'code': 'graphql_rate_limit', 'message': 'API rate limit already exceeded for user ID 94713257.'}]"
tiny-hippo/1d_viscous_disk,,,,,,,,,,,,,,,,,,,,,,,,,,,,,,,,"[{'type': 'RATE_LIMIT', 'code': 'graphql_rate_limit', 'message': 'API rate limit already exceeded for user ID 94713257.'}]"
tiaraandmr/mesa-reader-stellar-interior-and-evolution,,,,,,,,,,,,,,,,,,,,,,,,,,,,,,,,"[{'type': 'RATE_LIMIT', 'code': 'graphql_rate_limit', 'message': 'API rate limit already exceeded for user ID 94713257.'}]"
tjones8620/js-astrolab,,,,,,,,,,,,,,,,,,,,,,,,,,,,,,,,"[{'type': 'RATE_LIMIT', 'code': 'graphql_rate_limit', 'message': 'API rate limit already exceeded for user ID 94713257.'}]"
TKleanthousT/Astrophysics-Laboratory,,,,,,,,,,,,,,,,,,,,,,,,,,,,,,,,"[{'type': 'RATE_LIMIT', 'code': 'graphql_rate_limit', 'message': 'API rate limit already exceeded for user ID 94713257.'}]"
thzzn-eng/accredisksim,,,,,,,,,,,,,,,,,,,,,,,,,,,,,,,,"[{'type': 'RATE_LIMIT', 'code': 'graphql_rate_limit', 'message': 'API rate limit already exceeded for user ID 94713257.'}]"
tmoonzia/moon,,,,,,,,,,,,,,,,,,,,,,,,,,,,,,,,"[{'type': 'RATE_LIMIT', 'code': 'graphql_rate_limit', 'message': 'API rate limit already exceeded for user ID 94713257.'}]"
tolgahankilicoglu/mtgr,,,,,,,,,,,,,,,,,,,,,,,,,,,,,,,,"[{'type': 'RATE_LIMIT', 'code': 'graphql_rate_limit', 'message': 'API rate limit already exceeded for user ID 94713257.'}]"
toelt-llc/COURSE-deep-learning-meet-astrophysics,,,,,,,,,,,,,,,,,,,,,,,,,,,,,,,,"[{'type': 'RATE_LIMIT', 'code': 'graphql_rate_limit', 'message': 'API rate limit already exceeded for user ID 94713257.'}]"
TM-Deadleaf/astrophysics_datasci,,,,,,,,,,,,,,,,,,,,,,,,,,,,,,,,"[{'type': 'RATE_LIMIT', 'code': 'graphql_rate_limit', 'message': 'API rate limit already exceeded for user ID 94713257.'}]"
tomcarron/Ising_model,,,,,,,,,,,,,,,,,,,,,,,,,,,,,,,,"[{'type': 'RATE_LIMIT', 'code': 'graphql_rate_limit', 'message': 'API rate limit already exceeded for user ID 94713257.'}]"
TomerCatabi/HW1-numerics-for-astrophysics,,,,,,,,,,,,,,,,,,,,,,,,,,,,,,,,"[{'type': 'RATE_LIMIT', 'code': 'graphql_rate_limit', 'message': 'API rate limit already exceeded for user ID 94713257.'}]"
tomhands/leutils,,,,,,,,,,,,,,,,,,,,,,,,,,,,,,,,"[{'type': 'RATE_LIMIT', 'code': 'graphql_rate_limit', 'message': 'API rate limit already exceeded for user ID 94713257.'}]"
TomTomTomahawk/astro_image_processing,,,,,,,,,,,,,,,,,,,,,,,,,,,,,,,,"[{'type': 'RATE_LIMIT', 'code': 'graphql_rate_limit', 'message': 'API rate limit already exceeded for user ID 94713257.'}]"
ToxPuro/In-situ-and-Opportunistic-Data-Analysis-for-Exascale-Astrophysics-Simulations,,,,,,,,,,,,,,,,,,,,,,,,,,,,,,,,"[{'type': 'RATE_LIMIT', 'code': 'graphql_rate_limit', 'message': 'API rate limit already exceeded for user ID 94713257.'}]"
tr-cn/Numerical-Tools-in-Astrophysics-Ex1-Test,,,,,,,,,,,,,,,,,,,,,,,,,,,,,,,,"[{'type': 'RATE_LIMIT', 'code': 'graphql_rate_limit', 'message': 'API rate limit already exceeded for user ID 94713257.'}]"
transientlunatic/cormorant,,,,,,,,,,,,,,,,,,,,,,,,,,,,,,,,"[{'type': 'RATE_LIMIT', 'code': 'graphql_rate_limit', 'message': 'API rate limit already exceeded for user ID 94713257.'}]"
Treyvera4/Theoretical-astro-group,,,,,,,,,,,,,,,,,,,,,,,,,,,,,,,,"[{'type': 'RATE_LIMIT', 'code': 'graphql_rate_limit', 'message': 'API rate limit already exceeded for user ID 94713257.'}]"
tsungchichen52/2021Computational-Astrophysics-Final,,,,,,,,,,,,,,,,,,,,,,,,,,,,,,,,"[{'type': 'RATE_LIMIT', 'code': 'graphql_rate_limit', 'message': 'API rate limit already exceeded for user ID 94713257.'}]"
tungthomas/Computational-Astrophysics-Final-Project,,,,,,,,,,,,,,,,,,,,,,,,,,,,,,,,"[{'type': 'RATE_LIMIT', 'code': 'graphql_rate_limit', 'message': 'API rate limit already exceeded for user ID 94713257.'}]"
tylerbarna/HighEnergyAstrophysicsF2020,,,,,,,,,,,,,,,,,,,,,,,,,,,,,,,,"[{'type': 'RATE_LIMIT', 'code': 'graphql_rate_limit', 'message': 'API rate limit already exceeded for user ID 94713257.'}]"
UCHml/NASA_Astrophysics_NN2,,,,,,,,,,,,,,,,,,,,,,,,,,,,,,,,"[{'type': 'RATE_LIMIT', 'code': 'graphql_rate_limit', 'message': 'API rate limit already exceeded for user ID 94713257.'}]"
tushar2016sharma/Protoplanet-migration,,,,,,,,,,,,,,,,,,,,,,,,,,,,,,,,"[{'type': 'RATE_LIMIT', 'code': 'graphql_rate_limit', 'message': 'API rate limit already exceeded for user ID 94713257.'}]"
udbhav25kansal/MLBlackHole,,,,,,,,,,,,,,,,,,,,,,,,,,,,,,,,"[{'type': 'RATE_LIMIT', 'code': 'graphql_rate_limit', 'message': 'API rate limit already exceeded for user ID 94713257.'}]"
UoAACG/uoaacg.github.io.old,,,,,,,,,,,,,,,,,,,,,,,,,,,,,,,,"[{'type': 'RATE_LIMIT', 'code': 'graphql_rate_limit', 'message': 'API rate limit already exceeded for user ID 94713257.'}]"
UrjaSShah/Astrophysics,,,,,,,,,,,,,,,,,,,,,,,,,,,,,,,,"[{'type': 'RATE_LIMIT', 'code': 'graphql_rate_limit', 'message': 'API rate limit already exceeded for user ID 94713257.'}]"
Uddiptaatwork/mangle_masker,,,,,,,,,,,,,,,,,,,,,,,,,,,,,,,,"[{'type': 'RATE_LIMIT', 'code': 'graphql_rate_limit', 'message': 'API rate limit already exceeded for user ID 94713257.'}]"
upomarch/astrophysics-thesis,,,,,,,,,,,,,,,,,,,,,,,,,,,,,,,,"[{'type': 'RATE_LIMIT', 'code': 'graphql_rate_limit', 'message': 'API rate limit already exceeded for user ID 94713257.'}]"
utkarshgiri/awesome-ml-in-astrophysics,,,,,,,,,,,,,,,,,,,,,,,,,,,,,,,,"[{'type': 'RATE_LIMIT', 'code': 'graphql_rate_limit', 'message': 'API rate limit already exceeded for user ID 94713257.'}]"
Uselesstau/ASTR_Project,,,,,,,,,,,,,,,,,,,,,,,,,,,,,,,,"[{'type': 'RATE_LIMIT', 'code': 'graphql_rate_limit', 'message': 'API rate limit already exceeded for user ID 94713257.'}]"
UV-1999/Pulsar_Polarimetry,,,,,,,,,,,,,,,,,,,,,,,,,,,,,,,,"[{'type': 'RATE_LIMIT', 'code': 'graphql_rate_limit', 'message': 'API rate limit already exceeded for user ID 94713257.'}]"
VaidikS124/Astrophysics-Problems-Solutions,,,,,,,,,,,,,,,,,,,,,,,,,,,,,,,,"[{'type': 'RATE_LIMIT', 'code': 'graphql_rate_limit', 'message': 'API rate limit already exceeded for user ID 94713257.'}]"
vanshaj18/Dark-Matter_presentation,,,,,,,,,,,,,,,,,,,,,,,,,,,,,,,,"[{'type': 'RATE_LIMIT', 'code': 'graphql_rate_limit', 'message': 'API rate limit already exceeded for user ID 94713257.'}]"
valentindbdg/SPH-Smoothed-Particle-Hydrodynamics-Method,,,,,,,,,,,,,,,,,,,,,,,,,,,,,,,,"[{'type': 'RATE_LIMIT', 'code': 'graphql_rate_limit', 'message': 'API rate limit already exceeded for user ID 94713257.'}]"
Vicente-Coronado/MaNGA-Term-proj,,,,,,,,,,,,,,,,,,,,,,,,,,,,,,,,"[{'type': 'RATE_LIMIT', 'code': 'graphql_rate_limit', 'message': 'API rate limit already exceeded for user ID 94713257.'}]"
VernonXTA/Galactic_Encryption,,,,,,,,,,,,,,,,,,,,,,,,,,,,,,,,"[{'type': 'RATE_LIMIT', 'code': 'graphql_rate_limit', 'message': 'API rate limit already exceeded for user ID 94713257.'}]"
vick2075/Visualization-of-Stellar-corner,,,,,,,,,,,,,,,,,,,,,,,,,,,,,,,,"[{'type': 'RATE_LIMIT', 'code': 'graphql_rate_limit', 'message': 'API rate limit already exceeded for user ID 94713257.'}]"
vieicher/astrophysics,,,,,,,,,,,,,,,,,,,,,,,,,,,,,,,,"[{'type': 'RATE_LIMIT', 'code': 'graphql_rate_limit', 'message': 'API rate limit already exceeded for user ID 94713257.'}]"
vigeesh/BondiProblem,,,,,,,,,,,,,,,,,,,,,,,,,,,,,,,,"[{'type': 'RATE_LIMIT', 'code': 'graphql_rate_limit', 'message': 'API rate limit already exceeded for user ID 94713257.'}]"
villagraciaa/Astrophysics-Intro,,,,,,,,,,,,,,,,,,,,,,,,,,,,,,,,"[{'type': 'RATE_LIMIT', 'code': 'graphql_rate_limit', 'message': 'API rate limit already exceeded for user ID 94713257.'}]"
ViktorVeselov/Detection-of-hot-spot-near-the-orbit-of-the-massive-black-hole-SgrA,,,,,,,,,,,,,,,,,,,,,,,,,,,,,,,,"[{'type': 'RATE_LIMIT', 'code': 'graphql_rate_limit', 'message': 'API rate limit already exceeded for user ID 94713257.'}]"
VincentEA936/Astrophysics,,,,,,,,,,,,,,,,,,,,,,,,,,,,,,,,"[{'type': 'RATE_LIMIT', 'code': 'graphql_rate_limit', 'message': 'API rate limit already exceeded for user ID 94713257.'}]"
virtualvector/AstroInformatics,,,,,,,,,,,,,,,,,,,,,,,,,,,,,,,,"[{'type': 'RATE_LIMIT', 'code': 'graphql_rate_limit', 'message': 'API rate limit already exceeded for user ID 94713257.'}]"
vishrut-b/Database-Project-MySQL-,,,,,,,,,,,,,,,,,,,,,,,,,,,,,,,,"[{'type': 'RATE_LIMIT', 'code': 'graphql_rate_limit', 'message': 'API rate limit already exceeded for user ID 94713257.'}]"
vizhawk/Astrophysics-Paper,,,,,,,,,,,,,,,,,,,,,,,,,,,,,,,,"[{'type': 'RATE_LIMIT', 'code': 'graphql_rate_limit', 'message': 'API rate limit already exceeded for user ID 94713257.'}]"
VishwangiShah312/RPA,,,,,,,,,,,,,,,,,,,,,,,,,,,,,,,,"[{'type': 'RATE_LIMIT', 'code': 'graphql_rate_limit', 'message': 'API rate limit already exceeded for user ID 94713257.'}]"
VitoTuhtan/Simulated-Analogues-Toolbox,,,,,,,,,,,,,,,,,,,,,,,,,,,,,,,,"[{'type': 'RATE_LIMIT', 'code': 'graphql_rate_limit', 'message': 'API rate limit already exceeded for user ID 94713257.'}]"
Vladimir-Lin/Astrophysics,,,,,,,,,,,,,,,,,,,,,,,,,,,,,,,,"[{'type': 'RATE_LIMIT', 'code': 'graphql_rate_limit', 'message': 'API rate limit already exceeded for user ID 94713257.'}]"
vova22013/Astrophysics,,,,,,,,,,,,,,,,,,,,,,,,,,,,,,,,"[{'type': 'RATE_LIMIT', 'code': 'graphql_rate_limit', 'message': 'API rate limit already exceeded for user ID 94713257.'}]"
VLLT-joint-seminar-series/2021,,,,,,,,,,,,,,,,,,,,,,,,,,,,,,,,"[{'type': 'RATE_LIMIT', 'code': 'graphql_rate_limit', 'message': 'API rate limit already exceeded for user ID 94713257.'}]"
vrooje/cookie_bh,,,,,,,,,,,,,,,,,,,,,,,,,,,,,,,,"[{'type': 'RATE_LIMIT', 'code': 'graphql_rate_limit', 'message': 'API rate limit already exceeded for user ID 94713257.'}]"
warrior-of-liberation/Dark-Matter-Rotation-Curve,,,,,,,,,,,,,,,,,,,,,,,,,,,,,,,,"[{'type': 'RATE_LIMIT', 'code': 'graphql_rate_limit', 'message': 'API rate limit already exceeded for user ID 94713257.'}]"
vlbandara/Cherenkov-Gamma-Telescope-ML,,,,,,,,,,,,,,,,,,,,,,,,,,,,,,,,"[{'type': 'RATE_LIMIT', 'code': 'graphql_rate_limit', 'message': 'API rate limit already exceeded for user ID 94713257.'}]"
vsevolodnedora/bibliography,,,,,,,,,,,,,,,,,,,,,,,,,,,,,,,,"[{'type': 'RATE_LIMIT', 'code': 'graphql_rate_limit', 'message': 'API rate limit already exceeded for user ID 94713257.'}]"
wendellmisch/astroweak,,,,,,,,,,,,,,,,,,,,,,,,,,,,,,,,"[{'type': 'RATE_LIMIT', 'code': 'graphql_rate_limit', 'message': 'API rate limit already exceeded for user ID 94713257.'}]"
wbierbower/awesome-physics,,,,,,,,,,,,,,,,,,,,,,,,,,,,,,,,"[{'type': 'RATE_LIMIT', 'code': 'graphql_rate_limit', 'message': 'API rate limit already exceeded for user ID 94713257.'}]"
werreell/Simulated-Quasar-Sightline-Analysis-with-CROC,,,,,,,,,,,,,,,,,,,,,,,,,,,,,,,,"[{'type': 'RATE_LIMIT', 'code': 'graphql_rate_limit', 'message': 'API rate limit already exceeded for user ID 94713257.'}]"
wfthi/AtmosphericRefraction,,,,,,,,,,,,,,,,,,,,,,,,,,,,,,,,"[{'type': 'RATE_LIMIT', 'code': 'graphql_rate_limit', 'message': 'API rate limit already exceeded for user ID 94713257.'}]"
wernerck/citation-prediction-NLP,,,,,,,,,,,,,,,,,,,,,,,,,,,,,,,,"[{'type': 'RATE_LIMIT', 'code': 'graphql_rate_limit', 'message': 'API rate limit already exceeded for user ID 94713257.'}]"
wfthi/Chianti_to_Lamda,,,,,,,,,,,,,,,,,,,,,,,,,,,,,,,,"[{'type': 'RATE_LIMIT', 'code': 'graphql_rate_limit', 'message': 'API rate limit already exceeded for user ID 94713257.'}]"
wfthi/ClusteringAnalysisSharpley,,,,,,,,,,,,,,,,,,,,,,,,,,,,,,,,"[{'type': 'RATE_LIMIT', 'code': 'graphql_rate_limit', 'message': 'API rate limit already exceeded for user ID 94713257.'}]"
wfthi/Combo17,,,,,,,,,,,,,,,,,,,,,,,,,,,,,,,,"[{'type': 'RATE_LIMIT', 'code': 'graphql_rate_limit', 'message': 'API rate limit already exceeded for user ID 94713257.'}]"
wfthi/DetectingHyades,,,,,,,,,,,,,,,,,,,,,,,,,,,,,,,,"[{'type': 'RATE_LIMIT', 'code': 'graphql_rate_limit', 'message': 'API rate limit already exceeded for user ID 94713257.'}]"
wfthi/PhotometricRedshift,,,,,,,,,,,,,,,,,,,,,,,,,,,,,,,,"[{'type': 'RATE_LIMIT', 'code': 'graphql_rate_limit', 'message': 'API rate limit already exceeded for user ID 94713257.'}]"
wfthi/EarthlikeExoplanets,,,,,,,,,,,,,,,,,,,,,,,,,,,,,,,,"[{'type': 'RATE_LIMIT', 'code': 'graphql_rate_limit', 'message': 'API rate limit already exceeded for user ID 94713257.'}]"
wfthi/Planetesimals,,,,,,,,,,,,,,,,,,,,,,,,,,,,,,,,"[{'type': 'RATE_LIMIT', 'code': 'graphql_rate_limit', 'message': 'API rate limit already exceeded for user ID 94713257.'}]"
WorldScience50/Astrophysics-,,,,,,,,,,,,,,,,,,,,,,,,,,,,,,,,"[{'type': 'RATE_LIMIT', 'code': 'graphql_rate_limit', 'message': 'API rate limit already exceeded for user ID 94713257.'}]"
Xploror/Astrophysics-pandorabox,,,,,,,,,,,,,,,,,,,,,,,,,,,,,,,,"[{'type': 'RATE_LIMIT', 'code': 'graphql_rate_limit', 'message': 'API rate limit already exceeded for user ID 94713257.'}]"
xabiperezco/xperezcouto.github.io,,,,,,,,,,,,,,,,,,,,,,,,,,,,,,,,"[{'type': 'RATE_LIMIT', 'code': 'graphql_rate_limit', 'message': 'API rate limit already exceeded for user ID 94713257.'}]"
XavierChanglingLi/astrophysics,,,,,,,,,,,,,,,,,,,,,,,,,,,,,,,,"[{'type': 'RATE_LIMIT', 'code': 'graphql_rate_limit', 'message': 'API rate limit already exceeded for user ID 94713257.'}]"
yazurita/ml-and-deepl-in-solar-physics,,,,,,,,,,,,,,,,,,,,,,,,,,,,,,,,"[{'type': 'RATE_LIMIT', 'code': 'graphql_rate_limit', 'message': 'API rate limit already exceeded for user ID 94713257.'}]"
yasmeenasali/Modern_Stellar_Astrophysics,,,,,,,,,,,,,,,,,,,,,,,,,,,,,,,,"[{'type': 'RATE_LIMIT', 'code': 'graphql_rate_limit', 'message': 'API rate limit already exceeded for user ID 94713257.'}]"
yelgharably/GILDAS_CLASS_publishable_figures,,,,,,,,,,,,,,,,,,,,,,,,,,,,,,,,"[{'type': 'RATE_LIMIT', 'code': 'graphql_rate_limit', 'message': 'API rate limit already exceeded for user ID 94713257.'}]"
ymzhong/naturalunit,,,,,,,,,,,,,,,,,,,,,,,,,,,,,,,,"[{'type': 'RATE_LIMIT', 'code': 'graphql_rate_limit', 'message': 'API rate limit already exceeded for user ID 94713257.'}]"
yoshiyukiinoue/exrb_catalog,,,,,,,,,,,,,,,,,,,,,,,,,,,,,,,,"[{'type': 'RATE_LIMIT', 'code': 'graphql_rate_limit', 'message': 'API rate limit already exceeded for user ID 94713257.'}]"
yeshimzno/cosmic-polaris,,,,,,,,,,,,,,,,,,,,,,,,,,,,,,,,"[{'type': 'RATE_LIMIT', 'code': 'graphql_rate_limit', 'message': 'API rate limit already exceeded for user ID 94713257.'}]"
youssef00mohamed/Network-Analysis-of-Astrophysics-Collaboration,,,,,,,,,,,,,,,,,,,,,,,,,,,,,,,,"[{'type': 'RATE_LIMIT', 'code': 'graphql_rate_limit', 'message': 'API rate limit already exceeded for user ID 94713257.'}]"
YotamMeyrav/Yotam_Meyrav_Alpha_Project,,,,,,,,,,,,,,,,,,,,,,,,,,,,,,,,"[{'type': 'RATE_LIMIT', 'code': 'graphql_rate_limit', 'message': 'API rate limit already exceeded for user ID 94713257.'}]"
ysawamur/master_study,,,,,,,,,,,,,,,,,,,,,,,,,,,,,,,,"[{'type': 'RATE_LIMIT', 'code': 'graphql_rate_limit', 'message': 'API rate limit already exceeded for user ID 94713257.'}]"
yuchu-wang/Galaxy-Calculator,,,,,,,,,,,,,,,,,,,,,,,,,,,,,,,,"[{'type': 'RATE_LIMIT', 'code': 'graphql_rate_limit', 'message': 'API rate limit already exceeded for user ID 94713257.'}]"
YuHsuan-Hwang/Particle-Mesh,,,,,,,,,,,,,,,,,,,,,,,,,,,,,,,,"[{'type': 'RATE_LIMIT', 'code': 'graphql_rate_limit', 'message': 'API rate limit already exceeded for user ID 94713257.'}]"
yusufmspahi/Hubbles-Constant,,,,,,,,,,,,,,,,,,,,,,,,,,,,,,,,"[{'type': 'RATE_LIMIT', 'code': 'graphql_rate_limit', 'message': 'API rate limit already exceeded for user ID 94713257.'}]"
zangston/synthetic-cmd,,,,,,,,,,,,,,,,,,,,,,,,,,,,,,,,"[{'type': 'RATE_LIMIT', 'code': 'graphql_rate_limit', 'message': 'API rate limit already exceeded for user ID 94713257.'}]"
Zanarkande/Astrophysics,,,,,,,,,,,,,,,,,,,,,,,,,,,,,,,,"[{'type': 'RATE_LIMIT', 'code': 'graphql_rate_limit', 'message': 'API rate limit already exceeded for user ID 94713257.'}]"
zhaopw5/Computational-Astrophysics,,,,,,,,,,,,,,,,,,,,,,,,,,,,,,,,"[{'type': 'RATE_LIMIT', 'code': 'graphql_rate_limit', 'message': 'API rate limit already exceeded for user ID 94713257.'}]"
zhuygln/awesome-nucastro,,,,,,,,,,,,,,,,,,,,,,,,,,,,,,,,"[{'type': 'RATE_LIMIT', 'code': 'graphql_rate_limit', 'message': 'API rate limit already exceeded for user ID 94713257.'}]"
zhuzh1983/2022-AstrophysicsI,,,,,,,,,,,,,,,,,,,,,,,,,,,,,,,,"[{'type': 'RATE_LIMIT', 'code': 'graphql_rate_limit', 'message': 'API rate limit already exceeded for user ID 94713257.'}]"
zkbt/csa2,,,,,,,,,,,,,,,,,,,,,,,,,,,,,,,,"[{'type': 'RATE_LIMIT', 'code': 'graphql_rate_limit', 'message': 'API rate limit already exceeded for user ID 94713257.'}]"
zhuzh1983/2018-AstrophysicsI,,,,,,,,,,,,,,,,,,,,,,,,,,,,,,,,"[{'type': 'RATE_LIMIT', 'code': 'graphql_rate_limit', 'message': 'API rate limit already exceeded for user ID 94713257.'}]"
Zmh3168/Numerical-simulation-in-astrophysics,,,,,,,,,,,,,,,,,,,,,,,,,,,,,,,,"[{'type': 'RATE_LIMIT', 'code': 'graphql_rate_limit', 'message': 'API rate limit already exceeded for user ID 94713257.'}]"
Zoooe1/Athena,,,,,,,,,,,,,,,,,,,,,,,,,,,,,,,,"[{'type': 'RATE_LIMIT', 'code': 'graphql_rate_limit', 'message': 'API rate limit already exceeded for user ID 94713257.'}]"
zoppellarielena/Hierarchical-Mergers-of-Binary-Black-Holes,,,,,,,,,,,,,,,,,,,,,,,,,,,,,,,,"[{'type': 'RATE_LIMIT', 'code': 'graphql_rate_limit', 'message': 'API rate limit already exceeded for user ID 94713257.'}]"
zorzeus/astrophysics_problems,,,,,,,,,,,,,,,,,,,,,,,,,,,,,,,,"[{'type': 'RATE_LIMIT', 'code': 'graphql_rate_limit', 'message': 'API rate limit already exceeded for user ID 94713257.'}]"
zorzeus/python-exercises,,,,,,,,,,,,,,,,,,,,,,,,,,,,,,,,"[{'type': 'RATE_LIMIT', 'code': 'graphql_rate_limit', 'message': 'API rate limit already exceeded for user ID 94713257.'}]"
